{"cameraMode":{"drawMode":0,"name":"Shaded","section":"Shading Mode"},"sceneLighting":false,"audioPlay":false,"sceneViewState":{"m_AlwaysRefresh":false,"showFog":true,"showSkybox":false,"showFlares":true,"showImageEffects":true,"showParticleSystems":true,"showVisualEffectGraphs":true,"m_FxEnabled":true},"in2DMode":false,"pivot":{"x":-0.057752370834350589,"y":0.29591602087020876,"z":0.07181726396083832},"rotation":{"x":-0.24029581248760224,"y":-0.7026026248931885,"z":0.27681511640548708,"w":-0.6099100112915039},"size":0.714142918586731,"orthographic":false}